,precision,recall,f1-score,support
brake,0.7142857142857143,0.8333333333333334,0.7692307692307693,6.0
bump,0.8,0.8888888888888888,0.8421052631578947,9.0
crash,1.0,1.0,1.0,2.0
normal,0.7142857142857143,0.625,0.6666666666666666,8.0
turn,1.0,0.5,0.6666666666666666,2.0
accuracy,0.7777777777777778,0.7777777777777778,0.7777777777777778,0.7777777777777778
macro avg,0.8457142857142858,0.7694444444444445,0.7889338731443993,27.0
weighted avg,0.7851851851851852,0.7777777777777778,0.7726295796471234,27.0
