{
  "model_type": "RandomForest",
  "n_estimators": 200,
  "max_depth": 10,
  "classes": [
    "brake",
    "bump",
    "crash",
    "normal",
    "turn"
  ],
  "class_encoding": {
    "brake": 0,
    "bump": 1,
    "crash": 2,
    "normal": 3,
    "turn": 4
  },
  "n_features": 61,
  "feature_names": [
    "accel_x_mean",
    "accel_x_std",
    "accel_x_max",
    "accel_x_min",
    "accel_x_range",
    "accel_x_median",
    "accel_x_skew",
    "accel_x_kurtosis",
    "accel_y_mean",
    "accel_y_std",
    "accel_y_max",
    "accel_y_min",
    "accel_y_range",
    "accel_y_median",
    "accel_y_skew",
    "accel_y_kurtosis",
    "accel_z_mean",
    "accel_z_std",
    "accel_z_max",
    "accel_z_min",
    "accel_z_range",
    "accel_z_median",
    "accel_z_skew",
    "accel_z_kurtosis",
    "accel_mag_mean",
    "accel_mag_std",
    "accel_mag_max",
    "accel_mag_min",
    "accel_mag_range",
    "accel_mag_median",
    "accel_mag_skew",
    "accel_mag_kurtosis",
    "gyro_x_mean",
    "gyro_x_std",
    "gyro_x_max",
    "gyro_x_min",
    "gyro_x_range",
    "gyro_x_abs_max",
    "gyro_y_mean",
    "gyro_y_std",
    "gyro_y_max",
    "gyro_y_min",
    "gyro_y_range",
    "gyro_y_abs_max",
    "gyro_z_mean",
    "gyro_z_std",
    "gyro_z_max",
    "gyro_z_min",
    "gyro_z_range",
    "gyro_z_abs_max",
    "gyro_mag_mean",
    "gyro_mag_max",
    "jerk_mean",
    "jerk_max",
    "jerk_std",
    "accel_energy",
    "gyro_energy",
    "gyro_x_zcr",
    "gyro_y_zcr",
    "gyro_z_zcr",
    "peak_position"
  ],
  "scaler_min": [
    0.3888003697192983,
    0.07839843594924654,
    1.1628418,
    -1.2868652,
    0.3952636399999999,
    0.31591797,
    -4.931272763713439,
    -0.6958740720290959,
    -0.22684518950877194,
    0.044658180716540506,
    0.09399414,
    -1.5551758,
    0.21508788,
    -0.25317383,
    -2.8841062976602974,
    -1.2781195932532115,
    -0.25830934775438597,
    0.046912309801341194,
    -0.083496094,
    -2.008789,
    0.26635742,
    -0.25561523,
    -4.612068637508936,
    -1.5647043056367644,
    0.9777664961403508,
    0.08779881440061935,
    1.2158322,
    0.0,
    0.4388095999999999,
    0.980691105,
    -4.766998321653148,
    -0.6841838923726984,
    -27.296906370175435,
    6.637652345720816,
    -0.8854962,
    -415.7252,
    26.900762,
    16.167938,
    -7.377044746428573,
    7.841969409874922,
    13.877863,
    -200.27481,
    34.717557,
    20.015266,
    -6.5052942715483875,
    4.543370817929011,
    9.78626,
    -173.75572,
    20.167939,
    10.167939,
    10.937498335797484,
    27.97752309989571,
    2.511428745454546,
    17.747520000000005,
    4.603635104551789,
    0.9770551824976274,
    179.1615277612405,
    0.10526315789473684,
    0.12903225806451613,
    0.14035087719298245,
    0.0
  ],
  "scaler_max": [
    1.0566580635714284,
    0.6941087655515159,
    5.460205,
    0.8432617,
    5.496337812,
    1.02270505,
    4.950679495161862,
    32.20690369771727,
    0.3016749807678572,
    0.3663118544544147,
    2.0629883,
    0.17236328,
    2.5305176,
    0.29125977,
    4.109403052099917,
    20.249442180836656,
    0.8892115564912281,
    0.38053323673366896,
    1.0559082,
    0.673584,
    2.4260253300000003,
    0.90478516,
    2.354949327466176,
    28.000906328065394,
    1.104866495357143,
    0.6905642243223314,
    5.595227,
    0.8787372,
    5.39793268,
    1.0583644,
    5.360378751892732,
    34.753841394638684,
    27.095692542857144,
    99.26014893188135,
    291.63358,
    -3.3282442,
    565.17558,
    415.7252,
    7.260087210357143,
    38.1476734482644,
    161.0687,
    -14.244275,
    284.19848,
    200.27481,
    4.370697750877192,
    44.701517306754354,
    220.6565,
    -8.442748,
    364.15269,
    220.6565,
    65.67032208023144,
    429.472155639811,
    18.174698018181818,
    240.09499250000005,
    47.22376785876429,
    1.612561198559202,
    10593.124584927366,
    0.5178571428571429,
    0.625,
    0.6964285714285714,
    0.9285714285714286
  ],
  "accuracy": 0.7777777777777778,
  "f1_macro": 0.7889338731443993
}